x1,x2,y
-0.5177676588296544,-0.46615792804289163,-1
0.9409854993661037,0.23517506838912544,1
-0.4707196076105085,0.9171197840389309,1
0.7127155901728974,-0.09740075811295763,-1
-0.6087727349926018,-0.1070340822977218,-1
-0.14241323475607867,0.7358232324751279,-1
0.47897910886960415,0.4207767822681389,-1
-0.864439820156829,0.4133853288081035,1
0.32876244018174217,-0.6805706601242164,-1
0.24865180877161427,-0.828552119994657,1
0.8297239288994358,-0.46763684980044934,1
-0.1889431922997886,-0.6437162859657973,-1
-0.6222627029030565,0.4079493375331239,-1
-0.6192650799840729,0.819552888808403,1
0.20869129987033347,-0.5282942434225549,-1
-0.2975292948947342,0.6147579989482993,-1
0.08070534223526248,-0.6689169273964594,-1
0.5582579362626927,0.362673287584801,-1
0.6368609356378203,-0.22642652459435633,-1
0.6421101637288631,0.2380757099892581,-1
0.5738481482972679,0.3023780766820544,-1
-1.0482603407638493,0.05401120947516046,1
0.15164362195345119,-0.6512626167116106,-1
-0.08026427985737342,-0.8983709579261598,1
0.7216592174736335,-0.04893030495027559,-1
0.13733343125095365,-0.9701730253152155,1
0.8937228924470153,-0.5307012044767904,1
0.33996240523792526,-0.957084999245734,1
-0.4794722265630571,0.48327663325819004,-1
0.5063945746432605,0.8117365086550427,1
0.6377193828254202,0.2671857189358655,-1
0.736771922808164,0.11449799097996631,-1
0.6971495816334579,0.7276474891573104,1
0.5902687148790895,-0.314826759077146,-1
-0.3187511230757397,0.9370712952947958,1
0.09289247534460163,-0.6693592069836158,-1
0.5551719415877682,-0.3805384977163244,-1
-0.5185263636601767,0.38713100971150965,-1
0.9638015059501849,-0.29899953301805343,1
0.9801424556353603,0.1235702887243001,1
0.3391743618606697,-0.6246689374811077,-1
-0.02983805308427359,1.023709423831516,1
0.525526677176486,0.4321314612938196,-1
-0.50825010853786,0.4802096668629629,-1
-0.6339078607155401,0.2640787392358564,-1
-0.6161408790676025,-0.27540323533475825,-1
0.6542566102085394,0.19561516097132853,-1
0.2776051218346024,-0.5851381579383873,-1
-0.8019181322437537,0.2610657975248915,1
0.207000436385682,-0.9976984132247686,1
-0.5227835736244509,0.5950232655776768,-1
0.02543880346141543,0.6156007034549471,-1
0.7443992599767473,-0.6148728080442366,1
-0.10953983890213967,-0.975431209993182,1
-0.6506445518889774,-0.20819228356732633,-1
0.8050053174053985,-0.6828721968985768,1
-1.0004574231140893,-0.1527011406203139,1
-0.3424368027130559,0.6573459157463916,-1
0.23383640549142523,-0.6506718209560821,-1
-0.060778795283808404,-0.5887699146803845,-1
0.3482258608202181,-0.5478164024612998,-1
-0.0079937807756736,-1.0056861256976999,1
0.6753461191640576,-0.030008502010619706,-1
0.2144818166473928,0.6803166956602483,-1
0.9447981174691465,-0.2985768521182778,1
0.6431391296083732,0.645548620177348,1
-0.6571090680263804,0.2901601370457189,-1
-0.4398860418640528,0.9394395788583264,1
0.7428518249006238,0.0916783558759895,-1
0.7039168810679174,-0.17941159572534213,-1
0.7029905169810926,0.4235261805975939,-1
0.6423777744568984,-0.79231023832537,1
-0.7996033383085951,-0.6131775774670449,1
-1.0025097803605636,0.1964380270710807,1
0.6634851161550523,0.7813068827688402,1
-1.065750890141495,0.07054515929325869,1
-0.4869602617167739,0.37810960976759717,-1
-0.4847797388763785,-0.5101767070000791,-1
1.0307037155966445,-0.08353278175669612,1
-0.62994879726358,0.846362378374553,1
0.8227559560048837,-0.666505963024652,1
0.7978525734574838,0.6998224222941384,1
-0.5112188717504527,-0.4376825908953509,-1
0.6344439024598973,-0.38638463484364244,-1
-0.4883145124348788,-0.406929928361398,-1
0.4765838383949182,0.7928192467928793,1
-0.13669574074875007,-0.7342839928998349,-1
-0.1412519592341737,-1.0018325890699085,1
-0.8634933342722853,0.4415318572285005,1
-0.10039889615809326,1.0408702868358668,1
0.6181261674934376,0.3807979152425538,-1
-0.2659406242358532,0.7202713894322537,-1
0.5835058783819839,-0.29967744451713335,-1
-0.9662033802525083,0.08247169414639668,1
-0.2800714411915027,1.0151109770585336,1
0.13107051326814023,-0.9581993687000105,1
0.8783061912658784,0.12259863770673562,1
0.7783652492453967,0.6861728862986176,1
0.6585143213674431,-0.16320426628579798,-1
-0.8176661635003181,-0.34254712049248776,1
0.9802689502185061,0.4078812229379625,1
0.27674190499376233,0.6445008020514623,-1
-0.4721264958429371,0.8384231953796835,1
0.6521304372194212,0.7348515679902371,1
-0.8499221800010817,-0.479519278744841,1
-0.9291185530976296,0.39390423512835193,1
-0.09434557862937282,0.6622076034930756,-1
1.0243431645781527,-0.3499458196986819,1
0.681030767764915,-0.22316077729789147,-1
-0.6965515753676943,-0.802211307691677,1
-0.05375971996647559,0.68994365576285,-1
0.8545524364327376,0.5257609008134658,1
0.719418437603646,0.24405457382665824,-1
0.6267824132580722,0.4070362735212901,-1
-0.5952444811364362,-0.42200028460411976,-1
-0.7399140303656087,0.04301840514227146,-1
0.8229921357249013,-0.6063243696063442,1
0.14740621587085945,0.6092984658919143,-1
0.5761060791430795,-0.394668372696222,-1
-0.35654063085886745,-0.9578798497132294,1
0.5755108590710235,0.3183530370346403,-1
-0.3107112175249571,0.6669939576242367,-1
0.06367986175474699,0.7381622864091808,-1
0.9258849490821539,-0.3191684423457025,1
-0.583640918258633,0.7651170525078146,1
-0.006398524545678097,0.9844603470334358,1
0.9599098756118246,0.24387000422130126,1
-0.5376992268660263,0.4640132458904775,-1
0.7820488827366836,0.616121404002025,1
0.0013430292833457175,1.0007588168159578,1
-0.6170792300724202,0.14151306270261155,-1
-0.934425723028391,-0.36345420076318224,1
-0.934981432270851,0.17349580259097072,1
-0.24626319694799445,-0.9439618969851731,1
-0.45894486005654084,-0.506429428238438,-1
0.05475664262035022,0.6420543385024835,-1
-0.10986544570233459,-1.0232330532576954,1
-0.33043623519140014,0.5809276135716652,-1
-0.690377584482885,-0.7639298932131712,1
-0.5322786310744305,-0.7979093469912217,1
-0.4653348651003838,-0.9152569389983214,1
-0.676591600320588,0.7250163504055552,1
0.43438606162449195,0.9632370242856976,1
0.19939627023727072,-0.6709841097706558,-1
0.35050682021028334,0.8984865825651739,1
0.17981305905616535,1.0160675074689047,1
-0.9604752912524259,-0.013006272492154313,1
0.932178160455385,-0.31132825792281854,1
-0.7245448414062795,0.01982781253726429,-1
0.19038047791810897,1.0492269210188017,1
1.0227097692170193,0.40766681071060984,1
-0.7181929003119312,-0.6056991854828794,1
-0.4622953017880786,-0.8893954214444524,1
0.054196520522357385,0.6413508214502432,-1
0.019352559912875406,-0.9883243856390662,1
-0.2960418724070845,0.6708734550966984,-1
0.5271476297201072,-0.3485099729931971,-1
-0.3135330558482737,0.5501527591961641,-1
0.45399736451762057,0.8751152870075921,1
-1.0067951223470817,0.18411733508110026,1
-0.9327383790053272,-0.0844930023477638,1
0.46309609356644765,-0.5110096551199097,-1
-0.29044553349376,0.6475856541432543,-1
0.3691031375463235,0.5915428378351496,-1
-0.008972992868853908,-0.952894670545797,1
-0.5449472999233955,0.4691962530668638,-1
-0.7888090497459725,0.6272529831258866,1
0.6240637415418442,-0.2653216124356559,-1
-0.5934542034216158,0.26186419270675654,-1
0.6399758930463639,0.029288573026516274,-1
0.8648740557991483,0.4478347124969735,1
0.294200137168283,-0.9837217559738667,1
-0.6557504368315571,0.6898249698752423,1
-0.28575016568673217,0.6458826620052872,-1
0.9750447366869235,-0.2401674907996262,1
0.32736856817758647,-0.922244664919014,1
-0.29925592554400987,-0.6514104320898328,-1
-0.19299233008358102,0.7161042700278704,-1
-0.5836275150057626,0.3546836299798951,-1
0.182979961315532,0.7345856367777472,-1
-0.7149213869032303,-0.05601363810251077,-1
-0.944143095839572,-0.19567307222747854,1
0.4695437186544942,0.5214170404413471,-1
-0.2624330449247695,0.9404775706155152,1
0.715821057952975,0.1544321996975869,-1
-0.6133855301479402,0.10969476706027685,-1
-0.6816827051715172,-0.311408048667889,-1
-0.8909249027071926,-0.5465927127705232,1
0.841651900627658,0.5203795626018553,1
0.1978132086577819,1.0360985074230729,1
0.6274211800496302,0.15457823857613998,-1
0.6174799895866753,0.7873264892239592,1
0.31195771298429537,0.6452059032818206,-1
0.07748769547564839,-0.9765242664584384,1
0.7544954467962967,-0.6605229658608843,1
0.4551187201807777,-0.9228261098679897,1
0.5183623917137972,0.88554582801447,1
0.7790691300667475,-0.5129894896825998,1
0.1270234933856204,0.983026895708024,1
-0.43760969630097785,-0.6540443296641162,-1
-0.9779474376848272,0.6338023922179681,1
-0.04033180837472487,1.0189024983102868,1
0.6773206538262964,-0.22008513452779627,-1
0.49302161911837666,-0.9375987992422847,1
0.34171493548667825,0.8707460345282938,1
0.22145358487298145,0.9509162962548237,1
0.1185957370264654,-0.6851695074363111,-1
0.7166019178735283,-0.10007746901116356,-1
-0.3997739159340845,-0.8855142587698637,1
-0.27000628016502837,-0.6876101126930148,-1
-0.39595782088645937,0.5963081005270443,-1
0.1439386907149376,1.0316629270021065,1
-0.5026042851381896,0.8250853500757958,1
-1.0300026307866967,-0.0034498621343504107,1
-0.8799355557375614,-0.05728633370554504,1
0.6800118094672657,0.2684274847047987,-1
0.6500608475277766,-0.3352130737699439,-1
0.5996974173906895,0.3993176672565373,-1
0.49362671127149216,0.8763619549752872,1
-1.0193208115828707,0.04949591706735332,1
0.32596268667432926,0.7197776261708565,-1
0.14354472598788962,0.9823205799224539,1
-0.30044392681027,-0.6277448377682104,-1
-0.7688108135364113,0.691892160307792,1
-0.05768138706642119,-0.6540476081650249,-1
-0.3246709312051698,0.9497090328927676,1
1.0178602418253828,-0.22572446400757523,1
0.9001184213378803,-0.5273626239582851,1
0.9212287588818806,0.2318418897549907,1
0.2691698985621915,-0.6527369939895508,-1
-0.5013463441464237,-0.9440214617105599,1
-0.16779488343950658,1.0476340893178906,1
0.6804357658769303,0.6535155848684306,1
-0.5072658483020657,-0.5257803309483947,-1
-0.4468090763911751,-0.6039639286305671,-1
0.6951286548291973,0.08444052321191448,-1
0.7868653223387959,0.6718049731482638,1
0.6636910875884728,-0.33898151029491197,-1
-0.20490679808637652,-0.6754121878967538,-1
-1.0142453377524134,-0.29936740214811813,1
-1.029430715137945,0.19726892345423813,1
-0.280816277043301,-0.6323588677569029,-1
-0.0633433783437636,-0.7268743199485804,-1
0.039848636858817385,0.7196231910762717,-1
-0.012019639387120057,0.6809127503503706,-1
-0.5849803120801655,-0.39032511435226425,-1
0.7032543572820866,-0.11305169227607029,-1
0.7732581377233372,0.7658629633852488,1
0.7525351024140626,-0.6176166043269121,1
-0.06577251954076208,-0.758054703683449,-1
0.5120825339494359,-0.3525989357942732,-1
0.9789941829868831,-0.25641057198706896,1
0.6163144526563868,-0.37846597079865174,-1
-1.0097472912321257,-0.11504909046934457,1
-0.08349659814815438,0.7399292029676823,-1
-0.5221843407776716,0.43254559053007097,-1
0.8752617623014631,-0.24034546304310658,1
0.6516204768933567,0.8333071682813183,1
0.7222113436464851,-0.7342779554675827,1
0.12199236494473413,-0.6647624058863131,-1
-0.2308139992853934,-0.9976301840757066,1
0.8365687586754202,0.5481926593388483,1
0.9026841637426337,-0.3152720205966223,1
0.5813820448160659,0.4460356465105402,-1
0.8893804669028262,0.507736446876523,1
-0.6920270180186952,0.7995953108096533,1
0.938006277306891,0.0781718258024735,1
0.35978146564257896,0.9931480953207501,1
-1.0837245156966118,-0.08559190268147013,1
0.9458930730499397,-0.12215681695282792,1
-0.629085321986285,0.6595437327667968,1
-0.7977762697229146,0.6020000359484882,1
-0.4312962255577325,0.48998596245570486,-1
-0.8578943535713253,0.7224245638962674,1
-0.46810950299979,-0.5682324085342139,-1
-0.3554107746928141,-0.5887644534894432,-1
-0.7216762090684516,-0.6469997472521201,1
-0.7109828717679755,-0.1860141064308193,-1
0.2112548438774029,-0.9734909446862179,1
0.08383009003258499,-1.0659941926904917,1
-0.421983225572961,0.41943915061283377,-1
0.7789732963345506,-0.5873623132372506,1
-0.6435328347666323,0.7145478093618427,1
0.5318671903020031,0.9491230776443237,1
0.6865459693946776,0.05227616861181781,-1
-0.2719867616129734,-1.010846432555505,1
0.1299604406617377,-0.6521205455307322,-1
-0.05229825323686212,-0.9159405638404664,1
-0.5742961286245621,0.3198785945280053,-1
-0.4160841349298912,-0.57354793438044,-1
-0.48505449650770494,0.417826143844636,-1
-0.9823041412566266,0.2509599941603729,1
0.5826778664656398,0.7269047115463254,1
-0.3332200763240333,-0.6027649006138494,-1
0.5232959230182608,0.21385484500541285,-1
-0.43681163524391203,0.9329508198274016,1
0.3906907133449338,-0.9698167380927107,1
0.17142986380457434,-0.925594395748654,1
-0.7129351444012214,-0.043719727055800996,-1
-0.657755058616677,0.7870388170209676,1
-0.6790227926975465,0.031678819459936766,-1
0.49732726191617693,0.5896060747011609,-1
0.770299921971716,0.5090314142047749,1
-0.5751641176338544,0.8430797672995464,1
-0.5065514117276543,-0.3430378042800645,-1
-0.5691765174633986,-0.9231368264698401,1
0.8194639841246705,0.4405577136179051,1
0.6454226732005027,-0.41045760706805323,-1
0.5202966915450837,0.5266097081356484,-1
0.6545044122601587,-0.7582045831220793,1
-0.870366813833388,-0.3452375835386742,1
-0.9958348244579369,0.2535979960045694,1
0.22700376834618163,0.6896236792024945,-1
-0.3093890152351048,0.9164278340312783,1
-0.6906821324864858,0.752813174577879,1
-0.05545255563399412,-0.6422414256292822,-1
0.7019461793003671,-0.6183426126621876,1
-1.0082525094574044,0.06785272744528448,1
-0.9140526729838127,-0.4900753630081516,1
-0.31298686939631976,-0.6490584320006166,-1
-0.8853378009009792,-0.32183912509588825,1
0.05002088488688811,-0.722545606889432,-1
0.9936005874490346,-0.4437169179195196,1
-0.29870487013699376,-0.9137125530954596,1
0.8286981903742561,-0.5160151713443053,1
-0.8314558998252399,0.4536126128447816,1
0.4558899235726284,-0.9365400995118159,1
-0.6398059205789524,-0.036365537401856586,-1
0.8793435082461463,0.21096685228664303,1
0.3749132349642934,0.6090084996429357,-1
-0.010603191058153674,0.9963350478931845,1
0.23927944146653632,0.9594013202105474,1
-0.09776262827577849,-0.9987090491112063,1
-0.24484261841998997,-0.6035189181403757,-1
0.5168095873551581,0.903343914120915,1
0.3985238835440484,0.5951573831458844,-1
0.6808259389529444,-0.6636644300365686,1
0.21050817803249888,-0.6527216196219661,-1
0.09749662200512588,0.606689638001799,-1
-0.6687150330063105,-0.24650749232063796,-1
0.057775858408985185,0.9636917037743798,1
-0.6935305312300851,-0.29618234121964926,-1
-0.24147909174955384,0.64256009335403,-1
0.2253094584723933,-0.9698592213509052,1
0.3474676015821492,0.6175844730403389,-1
0.7235280987746717,-0.1514909951152263,-1
-0.757748669117582,0.06032825110260366,-1
0.47604252908263933,0.538455304954187,-1
0.3688887856864798,0.5464418948735799,-1
-0.6629087455405019,-0.0033012674278743645,-1
0.2517569785570439,-0.977851423838492,1
-0.4215189872499515,0.876729625140092,1
0.6174216132785117,-0.8893863017031184,1
-1.0143092173856056,-0.24283886745325145,1
-0.055806945336640205,-0.9645799921001134,1
0.7165971130516974,0.6647464054239115,1
0.47251654225975925,0.9287749008126911,1
0.7089619065784554,0.232155707634896,-1
-0.9417232327229722,-0.28430190904482316,1
-0.2738027888283092,0.6128137533585745,-1
-0.6466749564721177,-0.06923620923440396,-1
0.9887436606759599,0.1600522023483575,1
0.30127792236873874,-0.6636003814880075,-1
0.6677801248928087,-0.09911734271922876,-1
-0.6739905390131082,-0.654520229148592,1
-0.7578523367167789,0.08897220525818156,-1
-0.5241079063467494,0.5976518257497433,-1
0.5116174701220239,-0.4520053814738691,-1
-0.4635562332513412,0.9524341198464762,1
0.029399107114832932,0.6768947612980978,-1
-0.5845841648553528,-0.298936026331611,-1
-1.034788579667128,-0.06147901237036481,1
0.9395604337890991,0.4432659963682567,1
-0.9934680644896797,-0.19239603221985455,1
0.06826499527124742,-0.662558616552625,-1
0.5019340322901982,-0.4222056040798008,-1
0.08991429678674881,0.7061848779334984,-1
-0.6359028861983904,0.8043884441235725,1
-0.2536230638750645,0.6361883697943672,-1
0.1960291951766046,-1.0168296788978843,1
0.11241693597576648,-0.6748135815344509,-1
0.21218354163964792,-0.6772543490881952,-1
0.8719536101896492,-0.4337323214166598,1
0.9548631742991116,-0.5062996969165711,1
-0.4055750000114359,0.6073983465538715,-1
-0.6577833046877761,-0.20055200699424652,-1
0.9032580793363589,0.25539565555849203,1
-0.6235689651853759,0.803762570384245,1
-0.8227887157321464,0.5723355930736804,1
0.7929315137551428,-0.5830116958988388,1
-0.8165074399362284,-0.10449522222080736,-1
0.8127737863502674,-0.6768006562066468,1
-0.9504691398326957,0.40155522028892054,1
0.8648180867100274,-0.06383036640596491,1
-0.6361271685292027,0.011982445378023017,-1
-0.8023423053804447,-0.6847702175953527,1
1.027636579321918,-0.13371674228900632,1
-0.7534530956882161,-0.03414643174271961,-1
0.8630084457032432,-0.5022101542826654,1
0.15489889058192693,-0.6600403129797439,-1
-0.6820917329154236,0.13066023005211597,-1
0.08771921820092418,-0.7137206738686548,-1
-0.4490816975661692,0.9153320462994349,1
-0.2514558004283761,-0.6297554332514163,-1
0.669584411798404,0.7586687642257739,1
0.5039139697707213,-0.5337347738884244,-1
0.18125642405952822,-1.0136679829224577,1
0.561433172013053,0.5445791466576345,-1
0.5470902055180177,0.5109158614538576,-1
0.3969627152261559,0.5711115302594787,-1
0.66930865262456,-0.2414955042801318,-1
0.6539295618169403,0.2503457088951897,-1
0.5570133988936417,0.39334260100477647,-1
0.06683716444581493,1.0631093248207373,1
-1.0365326727177213,-0.2796341012544531,1
-1.061667738177215,-0.13668496122916216,1
0.7825733545743822,0.5888793871844046,1
0.63445614659818,0.34330427154889237,-1
-0.2213862609299217,0.9562876017648376,1
-0.6447240107708084,-0.2217575376101725,-1
0.45080035090185033,0.6421294240993812,-1
-0.3613263364927024,0.6892380014839351,-1
-0.7651175164012329,0.5779137970461626,1
-0.9491701828097102,-0.007067461628178506,1
-0.717588692854666,0.07264954561978912,-1
0.9724871403374534,0.08591212811527038,1
0.2751405112681677,0.7506092520211692,-1
-0.5997838288683435,-0.18169242967691865,-1
-0.43516991907098945,-0.942729700884059,1
0.05051534263453815,0.6902027928593233,-1
-0.21749858313797915,0.6377048632389052,-1
0.0164236274798489,1.0386978279286263,1
0.3319302080855444,0.9220475550241907,1
-0.3649178999935141,-0.5759441283978178,-1
-0.5388478097015075,-0.5176397974815519,-1
-0.18738953211299014,-0.7042983499933673,-1
-0.3314788902474382,0.6232393916255532,-1
-0.014800437637474496,0.7286068343942153,-1
0.3833069357763559,0.49477613055564273,-1
0.31755679321294344,-0.5490209963066301,-1
0.45495271761409445,-0.9559737852139507,1
0.16880231711860194,-0.6131950585208734,-1
-0.24837438973633566,-0.9358496190169127,1
-0.13662237831386265,0.6638228397500816,-1
0.4679228861851203,-0.9301244933186804,1
-0.9465031178954132,0.27903880221776584,1
-0.29716830311146514,-0.9979588057832155,1
0.40186175199429863,-0.9046895732851808,1
1.0918543656691297,0.2523944187298822,1
0.9246286592977214,-0.20774871083219815,1
0.5643901659160657,-0.8058779128518045,1
-0.6370790346642144,0.26540282267502524,-1
-0.3835431515207673,-0.5690740759845316,-1
0.23466076266366126,0.5553736920658565,-1
0.13708958936567336,0.9343655660327789,1
0.050019389745163984,-0.5963976596863547,-1
0.17361371537230652,1.0101430508382128,1
-0.6042789818731559,-0.3264385308322659,-1
-0.04311570015187749,-0.8606643278405003,1
0.1120112601649897,0.725754008778144,-1
-0.16188443241382092,-0.9856701458605481,1
0.07644343937605017,1.0282929660050775,1
-0.14304061100723098,0.9754640643343644,1
0.6729916202496784,-0.6765778638099312,1
1.0141147583282424,0.21353444335161448,1
-0.23903818609489783,1.0184976460640607,1
0.4793809084011335,-0.9167298937015482,1
-0.8549005957727994,0.6530035114851146,1
0.4821346200447575,-0.8117445965081864,1
0.9056115750882532,-0.2743150624017695,1
0.6947103156104028,-0.13336705037598195,-1
0.3284269194414367,0.6432771637655915,-1
-0.34926558908658534,-0.9148817036269371,1
-0.39071533203414877,-0.9432875063642187,1
0.8868175752378309,0.4417642524647613,1
0.7419057319198057,0.7358218474797985,1
-0.6876083942314392,0.11471014675957414,-1
-0.3009584713029392,-0.6167167066958115,-1
-0.2765691295646998,-1.0161587095423965,1
-0.235904280368655,-1.0466522043852367,1
-1.0600910877469913,0.021346404223859167,1
-0.6848921684824136,-0.745711524843979,1
0.4005239696823968,-0.48584394285558363,-1
0.9909510111818597,-0.4320576226761095,1
0.9239295954190743,0.28487048293096434,1
-0.6575453469553533,0.1866660490695807,-1
0.6268303076001919,0.6156765440655917,1
0.6377735660364257,-0.08105936865667344,-1
-0.9184295122353816,-0.28470637834512763,1
-0.4117192386105355,0.5958835901152135,-1
0.511646896794844,0.3326959992510237,-1
0.3070042440256467,-0.9896526156410954,1
-0.9515824665383321,0.144109821583343,1
-0.8314692460136892,0.6644257894253116,1
-0.7135880453760762,-0.6652375274367162,1
0.9570389209956508,-0.07595104878519195,1
-0.5685754719776484,-0.2641860023823444,-1
-0.4904924490132299,0.5030133880859162,-1
0.6723129282163822,0.33608670393450374,-1
-0.10510872855654323,-0.6014512279847211,-1
-0.9368722189784593,-0.1761815337979164,1
-0.09627867032694794,1.058788797857398,1
-0.6852185545707816,-0.7731840062814567,1
-0.7013685600614604,-0.6959687503986125,1
0.7735311875252792,0.5404383881994855,1
-0.6078229159446656,0.5330562287447237,-1
0.4552122043838239,-0.4386900978883346,-1
-0.7046061640364397,-0.03935036608024833,-1
0.666881265218107,0.09392479275931846,-1
0.14602818422086264,0.8972177412615434,1
0.4580335551981473,-0.49704316969935025,-1
0.3204309973777647,-0.5619556896612988,-1
0.3965597248720021,-0.5406106352270393,-1
0.4015411904789017,-0.879887330314305,1
0.18405693615806443,-0.7081911908206854,-1
0.6977311175843969,0.10031385861629584,-1
-0.5727705898957764,0.48718799303721017,-1
0.749780961345554,0.7127175456859569,1
-0.8929099985659911,-0.4067316917298396,1
0.12944633034422026,-0.9527768662619277,1
0.8116755439077973,-0.5202023139221156,1
-0.8336930824928053,0.40602038333975754,1
-0.4203239114350589,0.6304033352031374,-1
0.6761877387476602,-0.18114970915796097,-1
-0.32781568456309274,-0.946665280397685,1
1.0012654216921293,0.26517774189552945,1
0.9453342082475109,0.1580775317651759,1
-0.6659140655308535,0.39023601496599636,-1
0.6015380656199932,0.23631385311986552,-1
-0.10965306738194827,-0.6844178289307754,-1
0.4969903179002614,-0.5014680415083116,-1
-0.4544349847235092,0.9060089183241128,1
-0.6900777930942088,-0.24059801551190443,-1
0.2510221005779997,-0.6790096495362301,-1
0.31306474001009865,-0.9846854575052917,1
-0.8313431822589245,0.7216345049027005,1
0.20789163464347277,-0.9314662470354609,1
-0.728304253496277,-0.30430516783987366,-1
0.40188497822767055,-0.6146405280435585,-1
-0.3214875710715098,-0.5800738606683569,-1
-0.17532193108648444,0.8851363318239293,-1
-0.21951438506494061,0.7112649616879314,-1
-0.321692283649165,0.6304992419961846,-1
0.08243848374011588,-0.7691329115799245,-1
-0.3117532125890031,0.8608687392705701,1
0.1550092856253709,0.7568238667207073,-1
0.39878194120594695,0.9450029160177827,1
0.40204535829980725,0.9356022993969132,1
-0.631923240590151,0.1616994857312361,-1
-0.6330668606062646,-0.1931046206899215,-1
0.9851744161373697,0.4119909170509528,1
-0.668299725586506,-0.7131486313668599,1
-0.4264664306001854,-0.5147204778115821,-1
0.5255451703055241,-0.42592558371575046,-1
-0.6749883674540352,0.17483989845232617,-1
-0.6880082876892716,-0.7117725697581303,1
-0.27178623866253737,-0.9392592690512396,1
-1.0125349937762158,-0.1331077643318061,1
0.027057777380644583,-1.0122525749572198,1
-0.6751755170167667,-0.1244683766721904,-1
0.6428054205659078,-0.22352418928241424,-1
-0.2451850894392671,0.6163409760946285,-1
0.966678556590183,0.4206798462877839,1
0.2671685514942912,-0.6551363570186021,-1
-0.5835592540416911,0.37835019687615146,-1
0.955743619514574,0.4687194724419352,1
-0.5318457906563769,-0.4087118725142117,-1
0.6918078910294185,-0.18278455111400996,-1
0.3113441568438471,-0.6713112998637534,-1
-0.44239994064372834,-0.4473626029266545,-1
-0.7093326614574007,-0.7039567088045212,1
0.5024344828618477,0.3954286797851747,-1
0.14019148585766258,0.6223698538382686,-1
0.5851157493653759,0.055847067266747714,-1
-0.298847583035938,-0.6606029287475601,-1
0.7120200210836963,0.26125960694995404,-1
-0.37726922598152934,0.5641710728832026,-1
0.0933243217833805,-1.0196394008042466,1
-0.997217536915137,-0.1101812037270315,1
-0.05009661078647186,-0.6971506494199188,-1
-0.8650951626323868,-0.48490905274445223,1
1.0062500802365428,0.12178303323947223,1
0.1697518381762299,-0.7010702052760345,-1
-0.20240565178376996,0.7053999980269223,-1
0.7192858876235648,-0.05757688079110831,-1
0.3609432924926756,-0.5487064068965429,-1
0.5115044902005591,0.4465341217498421,-1
0.8232390374308799,0.4890672299950294,1
0.6169068839971851,-0.8848700565040845,1
-0.06774680617418186,0.6538861300947157,-1
0.8968381952724469,-0.1465675605873587,1
0.015241515749881446,0.9547608261226601,1
-0.41126410895627263,0.933838907341803,1
0.3309619354006693,-0.6554220520281957,-1
0.5581246993446883,-0.4970664486576442,-1
-0.0633618974798788,0.999064230248829,1
0.8513906948751679,0.5933169939587128,1
-0.4955048257387562,0.5395091457608796,-1
-0.6649021051880211,0.20694847783192624,-1
-0.40523235178233086,-0.5985812042659413,-1
-0.0874941142434125,-0.9908502844359421,1
-0.183002638576264,0.9942912836598153,1
0.90580210891909,-0.40633884490236716,1
-0.3165177551814288,0.6396824160710748,-1
0.25818924410480615,1.038328987019549,1
-0.14600397012581184,-0.9968492314934964,1
0.5085704316441665,0.8469875189965399,1
-0.975284237115375,-0.2615472326711107,1
-0.375614628391858,0.917652232618565,1
-0.04550819249865126,-0.722641904932887,-1
-0.9451554479020348,0.3862426047134707,1
-0.5944841125668541,-0.2927821890224251,-1
1.0099238618233664,-0.17130415908140934,1
0.5504929761959182,-0.7815187179490873,1
0.015823976377986194,0.7360531909116628,-1
0.6186980623956491,0.4265182132397962,-1
0.6202388060031195,-0.7556205744082307,1
0.9564176345468273,-0.3959957479780494,1
-0.6676283606057135,0.0029571418280831194,-1
0.20338521780803737,0.693300893324981,-1
0.14181243939171695,0.6945630993305558,-1
0.7735863516579132,-0.5540173483588827,1
-1.0334615952721522,-0.15337538516771138,1
0.5312651970422997,0.48380028389543894,-1
-0.13797842923774475,0.7367851354522302,-1
-0.07156675764491224,-0.6666123171946265,-1
-0.6321696301172924,0.21759283841579535,-1
0.5049410407535784,0.44235813639811905,-1
-0.5511607537474699,0.8080380068131973,1
0.6283968201420982,-0.850980367345939,1
-0.9597596936379189,0.1427471234189994,1
-0.34965366422974553,0.4391451747794437,-1
0.6033754774295743,-0.13245302422554783,-1
0.4055818905547755,-0.8156786554058884,1
-0.515751506492805,0.35704803309403044,-1
0.6374668518248979,-0.3489653514672894,-1
-0.24169242180177966,-1.004816820624027,1
-0.09251844946609025,-0.9866772832247623,1
-0.35686328913812615,-0.5964236157182298,-1
0.12759696479743482,0.610751167399618,-1
0.6901965480896572,0.8743370112951621,1
-0.0560613413578838,0.7347425680149267,-1
0.6274815780243843,-0.04634539551077198,-1
-0.3946681873342789,-0.5527602834267187,-1
0.2142529532055942,-0.7073150394078991,-1
-0.6929779920311074,-0.39095369860303086,-1
-0.06739837818628108,0.7010210044886876,-1
0.3097042811909669,0.5572031849089019,-1
-0.4706128920490074,-0.8804346241980335,1
-0.7342719809783367,0.7211429757548031,1
-0.2891447008260871,0.5937351239699441,-1
0.7739207852660159,-0.5934975568323175,1
0.9055066306508052,-0.3251070689007312,1
-0.8528509988042204,0.5729345883416634,1
0.7138789502149572,-0.27654154138375553,-1
0.929065425326338,0.6286831875403084,1
0.3486433562988759,-0.978019055213741,1
0.6077764293272577,0.35575686736753215,-1
1.1059265430945928,0.18552915530197817,1
-0.7853959259055264,0.6847510038407253,1
-0.6016111045110211,0.45448699011986343,-1
0.7781071749252106,0.6380416589038175,1
0.2541023006435649,0.6527738570073008,-1
0.85922336835758,-0.43224034139304146,1
-0.9517666432668902,0.08908722407930171,1
-0.46896731422947324,0.4679632835454057,-1
0.17308891775368135,-0.7190099080323151,-1
-0.37966016891916676,0.572299190393283,-1
-0.7992752491425578,-0.6757543458479098,1
-0.5906830956378971,-0.7500813962001134,1
-0.9852465541560643,-0.23572246345334244,1
-0.6830501668077907,0.3024131783559033,-1
-0.9082984873487158,-0.4994832607842581,1
-0.605327437010281,0.8022594545571134,1
0.7189858731305315,0.04752200729864933,-1
0.6636812253709975,0.7737341205177123,1
0.8238336040088716,0.6140170927713549,1
-0.7617596482586475,-0.5239307245076248,1
-0.681575397682886,0.1931563414227222,-1
0.8616484718549686,-0.5174198122760751,1
-0.14678713960300072,0.6799759188954358,-1
-0.7347717604228822,-0.1209819806685121,-1
0.5217138118281673,0.4618855833580341,-1
-0.8096131927091265,-0.5407127998220472,1
0.9178394524111098,0.17332688113630584,1
-0.7039487179702261,-0.7675214841876656,1
-0.6793646826271754,0.016204572198164603,-1
-0.3102461649436681,0.6803177934618675,-1
-0.4504512003158486,-0.6139869683471281,-1
0.3587123343312342,0.5271975809517314,-1
-0.40288603908681925,1.0227441593960924,1
0.8148969917608349,-0.5931417587730661,1
0.3937037328082661,-0.5741361007300629,-1
-0.15250015389366442,0.7158697168637794,-1
-0.5568115695469218,0.8103664146908524,1
-0.20104617187098908,-0.6588983754876767,-1
0.9782018774666303,0.05301712873260324,1
-0.7712459591370693,-0.0003828653577128832,-1
0.5848125052261116,-0.4084612510607164,-1
-0.3882523500506795,0.6359541110879111,-1
0.4869922032737775,0.5129347956592493,-1
-0.341621066318533,-0.6938624636203657,-1
0.9437268542819175,-0.0019588358185492795,1
0.02867116793943843,1.04497794650153,1
0.007594003363977121,0.9823805517555699,1
-0.25937015633600036,-0.9818058882283641,1
-0.07598836652825738,-1.0505752097700438,1
-0.02894316753630388,-0.64636417240778,-1
-0.6468706916097092,-0.7186422845940048,1
0.36382395360313174,0.5700071207855903,-1
0.6898894249529957,0.06801768521553413,-1
0.11378893462662562,0.5669849840694918,-1
-0.6062702505689302,-0.4613355810753749,-1
-0.18544966976454835,-0.9356782427941951,1
-0.8900959515315414,0.41667976352024416,1
-0.23649005759577654,-0.6299932714127594,-1
0.3905181777533862,-0.9076801299599394,1
-0.918657779287346,0.28147058414325304,1
0.9214779741613324,0.0959644754330824,1
0.9809230576140002,0.13837566495825177,1
-0.597805340672433,-0.24185843223291856,-1
-0.9959762780265691,0.17946364290546782,1
0.518119327474345,-0.5471931966031971,-1
0.6107386072336508,-0.7988684173036852,1
-0.33455541461937927,0.9711224133466521,1
0.7201241033497379,0.12643059969031364,-1
0.12125480966170864,-0.7202417788821401,-1
0.7768444235509074,-0.5048058031997943,1
-0.06078069936804095,-0.6703367110838641,-1
0.967300237636546,-0.44994434046032283,1
0.5730355252008004,-0.4394525482327074,-1
-0.485377268136004,-0.8356013954704392,1
-0.7630199639878166,-0.23394166336521074,-1
0.4743694587102204,0.41799594005037566,-1
-0.10836418485349991,-0.7330839061864216,-1
0.037087268264780905,-0.7095177652410608,-1
0.9354136595933412,0.3875345128960835,1
0.5981190795686798,-0.15648525876044853,-1
0.49047357393430546,0.5029434594378273,-1
0.41905727316123104,-0.5826519676062509,-1
0.6490311186438814,-0.003107485375320289,-1
-0.614581577550895,0.4677821200140012,-1
-0.27800379713665724,0.9800457838062676,1
0.6698284904250613,0.7300856820090972,1
0.24683512679922753,-1.0330565764480821,1
-0.35622951893706756,-0.5972777520044357,-1
0.2050968815184241,0.6546310454026866,-1
0.5293080972538885,0.8975408186754843,1
-0.5878903909582683,-0.5311379024658689,-1
-0.5932720921260088,-0.4172363753837749,-1
0.9041171571807518,-0.545507122889367,1
-0.15224388641138398,-0.7211921520668241,-1
-0.6876972860682918,-0.06746881837091462,-1
0.35352568352730407,-0.660703439647253,-1
0.7060659313967469,0.7574283736059445,1
0.535132846852203,-0.863579644897648,1
-0.5345811594288051,-0.4872862321592576,-1
0.14636722199743696,-0.5976156839172939,-1
0.8611135186393916,0.3911601616540904,1
0.6114684678750952,0.3763937978392187,-1
0.4165539014892018,-0.5007795009812087,-1
1.0416562473300608,0.006193877417095962,1
-0.6013033326910348,-0.767124464004271,1
-0.5823602660013798,-0.4160609251150811,-1
-0.7190784861193125,-0.16645517149411915,-1
-0.6942409076219948,0.7151362035709631,1
0.5386927291882431,-0.8064230842871999,1
-0.48455816508458416,-0.3766267261465635,-1
0.9885065437788491,-0.1881974461838999,1
0.4815241429937695,-0.8420751737180192,1
-0.9555184562649776,0.104405702948425,1
-0.3838708191077176,0.6816456553099843,-1
-0.27716349026686116,-0.6998332821822092,-1
-0.5677831317651729,-0.4112043657382987,-1
-0.07249723177948834,0.7043455225731348,-1
0.3826285160583895,-0.6788490388497015,-1
0.014116711562998015,0.6929192527621812,-1
0.09277530046865343,-0.6825005087952302,-1
0.08755216616032609,-0.7272110849769235,-1
0.596471366933813,-0.32639672459102104,-1
0.2955538499042369,-0.6463741514947027,-1
-0.5326079349960693,0.9695461118283601,1
0.09758646573045188,0.7883372932794881,-1
0.5661193763735569,-0.26474356131313903,-1
0.3507387535345896,0.7101908702640177,-1
0.06488103561810725,-0.9327876759029633,1
0.9586385308543829,0.19849552056398623,1
0.9966573448208019,-0.15493713767942213,1
-0.7397639684307005,-0.04814409664396589,-1
-0.717068957364573,0.013387291015937552,-1
0.5651792326692439,-0.4144782835068404,-1
0.9390677247628183,-0.34655339704557053,1
-0.5598016719667361,0.8728119624280962,1
-0.6126020037112598,0.3429468157112976,-1
-0.1461171425440075,0.6745855390716968,-1
-0.4237392933539096,0.9508933265285019,1
0.4114080070949614,0.9723189656024365,1
0.33566195451646375,-0.8973731639443765,1
-0.06335097221963698,0.7209630570342849,-1
0.35584526356124835,-0.656332391348376,-1
0.7764205921783174,0.03233006922389507,-1
0.16612771257329645,0.9926386456488163,1
-0.2370449788209944,-1.0105660910225085,1
0.275593552503645,0.5138839713174335,-1
-0.6883585043272699,0.04630942131038052,-1
-0.6028875666662453,-0.8229598027306894,1
-0.20022492855873456,-0.6197173843084213,-1
0.3733962123519789,-0.5564318627667367,-1
0.953023895245031,0.03348874227271898,1
0.5678761133515322,-0.36958451011225435,-1
1.0417944057197768,-0.017741946241665734,1
0.6791989298284651,0.19667675223846737,-1
-0.33051304333895637,0.662699581017224,-1
-1.0827145114265602,0.09926970687455522,1
0.6486918860880273,-0.7341408725331916,1
0.7011160635847525,0.23603655263290668,-1
0.8737918064536548,0.07382967074959534,1
-0.9609516296198957,-0.2705626429199262,1
-0.5956112544742902,-0.4354448119911306,-1
0.9772464951348051,0.5773033916021011,1
0.7447718462002806,0.029177013926991326,-1
0.9408002007158351,0.3127846731332279,1
-1.0367377336366517,-0.275910320985483,1
0.5299704512104991,-0.42024082036896704,-1
0.5763817484193497,0.45880078203307384,-1
0.49295564470097275,0.5867646369461049,-1
0.7896629058990762,-0.5827306274659131,1
-0.4844475483079926,-0.5313215185516647,-1
0.6414196503651165,0.32032225132728015,-1
0.7459879318877766,0.29031219911561074,-1
0.0417960931901263,0.7760936862730432,-1
0.8032952599101134,0.6009614432931583,1
0.3981428626677991,-0.9281970543915723,1
0.14671217877420178,-0.9649179326849786,1
-0.6192699384251512,0.36789300180958545,-1
-0.5174367553652357,0.4885809650996995,-1
-0.8989344528862669,-0.4511996405614147,1
0.1819041970937487,-1.0125118014966827,1
0.7101369564055229,-0.7735333200110383,1
0.40271769337157404,-0.5826260665083961,-1
-0.6203683287921692,0.8237917742115151,1
1.0072160054312513,-0.13790096610584746,1
0.32657170811318986,-0.619157218731113,-1
-0.9497839257152241,0.08231302815212985,1
0.5778417315197676,-0.25244185685242654,-1
0.67846400679366,0.17788627077068214,-1
0.9627790595467575,0.01723548967161619,1
0.6226981285392847,0.2565102272960321,-1
-0.21011508418990693,0.6522410902709723,-1
0.5445468015786887,0.49816137677612676,-1
0.9812518044638859,-0.4560099264627356,1
0.594139712034402,0.4090149160366175,-1
-0.014693125054998014,-0.7199149421994724,-1
-0.46436322792335494,-0.9632284005513561,1
0.4667258527731225,0.3471752725114614,-1
0.7177620260359007,-0.03129365002800437,-1
0.3429281409505704,0.6285664575714619,-1
-0.5408320151938314,-0.8197785470553537,1
0.6226747733231376,-0.23536224941483194,-1
-0.17498846201175994,-0.6170284414202694,-1
0.1682221770275916,1.0431061777076012,1
0.10156817436784718,-0.9831671391773558,1
0.25262654017891556,-0.598683040955213,-1
-0.4670493827859817,-0.6132431538194586,-1
-0.5228279425600741,-0.2936690169046023,-1
-0.6496605980608855,-0.2571560784856739,-1
0.44869051582670116,-0.5136492664727736,-1
-0.6037103254334053,-0.7383170604125195,1
-0.9677685879995991,-0.21091815765480357,1
0.24730889941120437,-0.5966490375105418,-1
-0.3324204119332141,0.5892177156261844,-1
0.2740576947244583,0.9491510726771925,1
0.049506835508680125,-0.6362536678131605,-1
0.9588270949045762,0.2548503354338034,1
0.07874038002895387,0.6978629288919601,-1
1.013309687230665,-0.07610226960439244,1
-0.9250356034020922,0.575950252371834,1
0.8832403146840038,-0.48076875961764387,1
0.028518948052944942,-0.7122918547333925,-1
0.585198574222069,-0.7302744823266372,1
0.45489120898594687,0.561854114593653,-1
-0.45796038434855924,0.9182735357615177,1
-0.5966520081095656,0.3103828359485164,-1
-0.8681886777840249,0.612823307740388,1
-0.8811530887493287,-0.22452416314621776,1
-0.39377530635156416,-0.6225050783823234,-1
-0.6473629631208782,0.42243953866266665,-1
-0.6716837526032438,-0.21455384681218323,-1
-0.9813408352618751,0.051452062296376784,1
1.0564076933287805,0.006674981240079843,1
0.4547009071629445,-0.8968548712459439,1
0.8687312002155381,-0.5205820373267608,1
-0.8606408792964366,0.5470728346266656,1
0.8411470819616176,0.5047518389565423,1
-0.6133348588259036,0.2553211126758199,-1
-0.390032501327597,-0.9162625864615359,1
0.7159612654036445,-0.8108708339125053,1
-0.9959543132994935,0.3075834966285596,1
0.16314601443452298,0.7343570640594848,-1
-0.8154053567438172,-0.4258556945576946,1
0.7036090216679751,-0.23725011798728854,-1
0.5071476236283146,-0.8117937877846287,1
-0.3588713132582744,0.9442050134088155,1
0.4972876563522829,-0.5468831223464385,-1
-0.6157057395635845,-0.21570535442583585,-1
0.8018811294573422,0.5747378797111677,1
-0.5796079340822938,-0.3527075653716901,-1
0.7635535383493237,0.017838067946891245,-1
-0.6657831500181501,0.09416435067903164,-1
-0.3574301535843928,0.8611062206021948,1
-0.9785122327740385,0.3717204931385211,1
-0.3942131749117368,-1.0103744917661008,1
0.048870480184024505,0.6400941677740061,-1
0.07355305234471705,-0.5626600087245011,-1
-0.8917625964487013,0.6480833082946846,1
-0.1344464100045148,0.9755942134415767,1
-1.0029188568156715,0.2838353218934419,1
-0.5607647122527304,-0.32413335772627583,-1
-0.5800160740043034,0.31666458717981205,-1
-0.6113220063474923,-0.12172416023450403,-1
0.044247899640381096,-1.057921076340442,1
0.6659340868335009,-0.6499973191105948,1
-0.6638058849686734,-0.7045744076763298,1
-0.04004264259254471,0.7023633821854458,-1
-0.6396008774665067,-0.3853460553307271,-1
0.08702281895254056,0.9845814498974269,1
-0.837669957031207,-0.397363900936864,1
0.7018704963226026,-0.061843510245951305,-1
-0.5262347422504783,-0.8769543868566498,1
-1.0173523343330169,-0.002647736427354573,1
-0.36186563621430745,0.5762199255925771,-1
0.952208409734844,-0.3169654825017597,1
-0.6530749752820962,0.16760993676719038,-1
-0.6891684587219884,0.18026329415744935,-1
0.6345202310415945,-0.33476989494208015,-1
-0.5448092876815996,-0.3976786388871011,-1
-0.21680802582038494,-0.9342336273748577,1
-0.11519889086182483,1.0016817540945893,1
-0.9392229670897351,0.28746950503835117,1
1.019289052106418,-0.20293350875807464,1
0.4100628113793796,-0.5342781384961677,-1
0.8284947832091325,-0.6097711973832126,1
-0.14852479706188076,0.985548552584308,1
0.22822402970421785,-0.5887234650788591,-1
0.7368837158295349,0.06054850255769414,-1
0.15541613339657856,0.6247024642393257,-1
0.2225037415595696,-0.6841034937281729,-1
-0.07269560869334347,-1.0158046107257728,1
-0.48516985550812797,-0.5282471242728136,-1
-0.7223237318313316,0.7515506037765117,1
-0.15517783763528434,-0.7137437021081381,-1
-0.9529569565624352,0.5484800034816792,1
-0.6579794375835616,-0.3361951047192336,-1
0.4146788324529411,-0.6264142473634063,-1
0.5369102406689046,0.8645447526210583,1
-0.24152069574720425,1.013100425902745,1
0.013422792057147102,-0.684095937671772,-1
0.9310852895680514,-0.5938951298822736,1
-0.7377992907359253,-0.08024536806602699,-1
0.9904730171048397,0.046114450171873315,1
0.6558535356888688,-0.7634942357685022,1
-0.10243329861201599,0.7083194700363199,-1
0.2280427779716328,-0.6455391389775594,-1
0.7242360114022529,0.15858058986468676,-1
-0.6126748461477384,0.1956749197440941,-1
-0.10811904429299937,-0.6767555253961773,-1
-0.25280088737018636,-0.671481070972767,-1
0.33958014582575985,-0.915875580945338,1
0.6044790665785347,0.8459095925397471,1
-0.46981587386765916,-0.4932247474353609,-1
-0.5252682460984938,0.8344551467292906,1
0.7194592082172616,0.15776453545869318,-1
0.25395358048606476,-0.9212044978382147,1
0.5423118703780903,0.5227145023799026,-1
0.43165611950879257,0.8849663165636869,1
0.6323291420875615,0.1614254112681752,-1
-0.5025008707555956,-0.43192559876386616,-1
-0.7441679530778545,0.013106510350373067,-1
0.8018525392987425,0.7231883158498922,1
0.9016089379624769,0.4319466992161043,1
1.007658125286651,0.29408079751756705,1
-0.48462551818990335,0.518044614364017,-1
0.4494005183855218,-0.43662567914283335,-1
0.8648142197808109,-0.7042582287485021,1
-0.041740464830181026,-1.0511617693768094,1
-0.8051364255122774,0.5619553688796509,1
-0.10293991371920022,0.6365306795548182,-1
-0.8689403799510678,-0.5533896013927299,1
-0.0114573129490603,-0.9921536330515672,1
0.0366306769301324,1.0034807152262342,1
0.7141561088293648,-0.7466380213561888,1
-1.036496826402781,-0.08553759915494574,1
0.3138092592752384,-0.5763433724374849,-1
0.025197164692376914,-0.7259616905019348,-1
-0.010543310460434264,0.6502732745078051,-1
-0.6462552630115347,0.29881881805729427,-1
-0.5583838872935412,-0.44341761154364173,-1
-0.6436582048782544,-0.14811361708337722,-1
0.6610411137128658,-0.074032472248527,-1
-0.727613873221637,0.09010881543161844,-1
-1.0656121173658841,0.23210165191959994,1
-0.33317863101532447,-0.6993372063028953,-1
-1.0699866800120188,-0.1647522022742658,1
-0.8098733246249323,0.5469854796166334,1
0.08372527292731187,0.7274622242161668,-1
-1.0047394690377074,0.0590599104380235,1
-0.24782300315605155,0.5975859895317571,-1
0.4904830708212609,0.8824223061340738,1
0.6404822861418146,0.37631244022881066,-1
-0.6463102660314425,0.0070962730552707395,-1
-0.3619483400970357,-0.583096473723218,-1
-0.2453250707317899,-0.5723488996047074,-1
-0.47491793438931396,0.8460545417957732,1
-0.8631918654702289,-0.3917547802910162,1
-0.754917990948075,0.6816858238136222,1
0.9478180384729907,-0.1606132297421638,1
-0.43532594105392364,0.5273959823553218,-1
0.1435844363718246,1.040425409491452,1
-0.314478958723951,-0.5775164234752129,-1
0.5766481881147183,-0.7822558434238618,1
-0.1609615107746256,0.7060487461885563,-1
0.5792938976756932,0.7333319735656184,1
-0.6055098750335268,-0.812676508891276,1
-0.5991446568829281,-0.29078368849720276,-1
-0.4284279157554207,0.9471331834193469,1
0.5290984114773833,-0.40921959599629104,-1
0.7031390924761819,0.07161463882687202,-1
0.5697614189539648,0.2896193927073573,-1
0.6559559981262227,-0.12092134781934342,-1
0.8450522875482724,-0.5389321663062041,1
0.7725078897190192,0.3522610179525434,-1
-0.6855217871732628,0.029298408938423885,-1
-0.021456425526294343,0.7451507291612763,-1
0.5256955754301894,0.2587939451767691,-1
-0.6715267118476115,-0.3822132343249712,-1
0.44197381410697284,-0.5531984988986969,-1
-0.14869782488146271,0.7268376122356279,-1
-0.20958250692170405,0.968898658780674,1
-0.8646061041728713,-0.5612285491200767,1
-0.02772778898983444,1.047757664196475,1
-0.29848832057885344,0.901566369914627,1
0.36980860665930415,0.5736732751345143,-1
-0.9195202084452262,0.027857925856169984,1
0.4562669805292762,0.5168989557471175,-1
0.18905316851177675,0.8679831029002603,1
0.6419347197887646,0.7051338444427382,1
-0.928309017297938,-0.4070533754731164,1
0.874611752886633,0.3813644610119339,1
0.615641396263359,-0.15438218813838878,-1
-0.4716220107760641,-0.544328985320122,-1
-0.9013696745415053,-0.3031310313932475,1
-0.15583509633672477,-1.0213635498576397,1
0.7054960682551054,0.008020847486669556,-1
-0.052173423804937016,-0.6307159039709598,-1
-0.6082485561255764,0.3904139595992315,-1
0.11926175544483425,-0.7077962659487461,-1
0.91509593201249,0.02965144882333368,1
-0.695963527704103,0.16395536203959293,-1
0.3579965021724484,0.639772240802065,-1
0.6380275719163241,-0.17111512773083107,-1
-0.6485427024267908,-0.8437792908356938,1
-0.11045394976377074,-0.6395602009284894,-1
0.6657791718748426,-0.04531636607984819,-1
-0.30142014334835016,0.7089087716191598,-1
0.15495773256100176,-0.5770557157965773,-1
-1.0299898546941397,0.3003798582848736,1
0.5269134137009261,-0.509517060458441,-1
0.7491551116280187,0.7410831007494211,1
-0.7663280365872104,0.56153861499604,1
0.9264601800310095,-0.3232340728580682,1
0.22089717763868014,0.9857570872071738,1
-0.9482600993307664,0.36743900333783314,1
0.2721785235168826,-0.9466681788457835,1
-0.1921268455545771,-0.7172348673333337,-1
-0.1950199497856765,0.665431651926103,-1
-0.42057043591322685,-0.8556603104868377,1
-0.46694086690156783,-0.9243966782629599,1
-0.7389518816627051,-0.5883326202967354,1
-0.9450766461973185,-0.28859867575768455,1
-0.955801822076727,-0.39373011750837333,1
0.09799700585167773,0.7231540475685675,-1
-0.018941455746027847,0.6420121819403808,-1
0.37671387644801974,0.6276282882444713,-1
-0.4638884472450843,-0.9359464843912904,1
-0.4358355526295516,-0.9651381569646847,1
-0.6065692625874957,0.16813541226921025,-1
-0.6769942299945836,0.5757539416759859,1
0.8545407053844145,-0.5639334415861686,1
0.2918813574139303,0.9668756685120893,1
-0.49261477489986266,0.4617356735198731,-1
0.916027153905006,0.48220827857955256,1
0.949937212974376,0.17380811073877603,1
0.15267894892651918,-0.7670061891819765,-1
0.5933274120049641,-0.7312146659955853,1
-0.32941918650562013,-0.6130726288851432,-1
0.3229086251261639,0.9719436277211569,1
0.6522096915256319,-0.1790333908137974,-1
0.8390020131503703,0.5758025017307149,1
-0.4965736775956311,0.6200374938359151,-1
-0.8035587250181109,-0.6187298553757318,1
-0.4801973845944678,-0.9142518957752076,1
-0.43238810494665,-0.5473152089852603,-1
-0.06818269258430998,0.9943041013220905,1
-0.8786272907181303,0.5679345439902148,1
0.4713693314908003,0.552122310294128,-1
0.5266824994876774,0.44679151358364866,-1
0.4288375102810062,-0.4876107204327871,-1
-0.2690753905697923,0.6584339695596445,-1
-0.8500415564797865,0.5667042014687281,1
0.18175895515839346,-1.0492780486355962,1
-0.9161407876098459,-0.4595189507637741,1
0.5149289609594222,0.5029283743827763,-1
-0.6787311373732203,-0.08256510218582198,-1
-0.21236572219761496,0.5748706818941599,-1
-0.15344240170043644,0.7352420603784698,-1
0.6622605436679235,0.011157622989636774,-1
0.06088906287008493,0.6923351451558539,-1
0.2618026243452405,0.6839986665606644,-1
-0.6117856481609231,-0.2724499702627663,-1
-0.2066278104746322,-0.6994499919910734,-1
-0.992955895168925,-0.14127176519186455,1
-0.9451779482729793,0.07064630670632711,1
0.1588543167523785,-0.9942497033418336,1
0.6689927895957284,-0.7309772765289327,1
0.5420417466103236,0.8740125351276068,1
0.6186939030994365,-0.014944858458836991,-1
-0.5415396247059732,-0.6905127703268077,1
-0.25785181215581615,-0.6140489972402006,-1
0.6492906141082629,-0.2992661523734202,-1
0.6625220250190349,0.019726292639925085,-1
0.14470492010432287,0.677642571872652,-1
-0.5054064886835925,0.4573339773677093,-1
-0.965071696462228,0.15727849943662955,1
-0.45226389623540203,0.5131252182250965,-1
-0.005261453846325051,-0.985476867631038,1
0.17851207633268767,-0.6724211782311419,-1
-0.5864276042941188,0.8161085389825559,1
-0.857198429230255,-0.3669780081486749,1
-0.381982494639036,-0.5346369012329943,-1
0.35675647371450586,0.8959847961026197,1
0.49225739163122845,0.25488754898174343,-1
-0.22248781507964827,-0.7194549064093002,-1
0.594132387367152,-0.4191507099334444,-1
-0.2224548364022078,-0.6198363727251969,-1
0.9577624702636487,0.21608334824652659,1
-0.6497698325338939,0.01280780406822625,-1
-0.8633679917486312,0.5356118267961454,1
0.3362044883745442,-0.6143257705987607,-1
0.6150246172787768,-0.10975765888245205,-1
0.06876782306089026,0.9571883199520372,1
0.4350743794481496,0.5149551018488429,-1
-0.25968458946340583,0.9825191702173587,1
0.5950801325922721,0.3018017926390599,-1
0.3784244414591461,0.8152729925302276,1
-0.800028715368307,0.5391874527246687,1
0.5153032070429987,0.9001444771943374,1
0.011744872751431538,1.0068287771256046,1
1.0019250432852713,-0.41141606517265705,1
-1.0246462259542122,0.1786637489718857,1
-0.5400679617394674,0.41172150861045237,-1
-0.04179240623973968,-1.0128576092973542,1
-0.6704587167336021,0.3937506124275851,-1
-0.532240520122681,0.4988094326707467,-1
0.8188500040260542,-0.5187673671334879,1
-0.9425616574681647,-0.004351934905319876,1
0.9477432599242589,-0.06880204894744404,1
-0.6825696365565165,-0.08316505380122782,-1
-0.9387742957966687,0.23468925789810352,1
-0.6302687468167789,-0.05742929050495099,-1
-1.029644501588098,-0.3093062799978667,1
-0.6981637009779821,0.4268581357230624,-1
0.33414678817805804,1.0286659893666257,1
-0.6070840957703159,-0.39938574773451396,-1
0.4880335386922207,-0.4126233225616351,-1
-0.7062730167262066,-0.1529044901261458,-1
-0.737692034885653,0.12075872340608262,-1
-0.6141025964991875,0.2054450711886264,-1
-0.8730461983292169,-0.4465384537749374,1
0.9223257693642327,-0.16627442740449833,1
-0.8554002454728563,0.4455317008960735,1
-0.7063653495967916,-0.6898694968570083,1
0.7133590147330483,-0.21518310921226122,-1
-0.4045695652970126,0.8648888007706584,1
-0.266604292452904,-0.6857108244226827,-1
1.042912395033435,0.16006714705745395,1
0.10243287975881837,-0.9913018765755303,1
0.7175204560163333,0.26299737424792674,-1
-0.22664036908654245,-0.9475629510927595,1
1.0342617278572603,-0.046032897457575384,1
-0.6041098700280736,-0.7722004748442522,1
-0.6198098623144667,0.2267576119646601,-1
0.008750851744823946,-0.9560496033486741,1
-0.6290074280372772,-0.2667609795538959,-1
0.29645778151281804,0.9036747351253381,1
0.7331613737555865,-0.239807254752053,-1
-0.8183151116590405,-0.5928368537972156,1
0.41204845256882483,0.5935681165656033,-1
-0.8219530794313897,-0.45336039561381125,1
-0.6113961335858329,-0.7953665241120943,1
-0.005543910961140708,0.6971801930212388,-1
0.33590944661792865,0.648680062201144,-1
-0.026880063998911158,-0.7478292379777587,-1
-0.6843360529662628,0.2479743161522111,-1
-0.5588241878702336,-0.8494278043455612,1
-0.8089248683628755,0.31934616410238226,1
-0.3269719193985715,-0.7389853958454569,-1
-0.7149409790718072,0.5047857800998432,1
-0.5659574827405861,0.31822428716937357,-1
-0.877931359529408,-0.5209284764072598,1
-0.6352312635905387,-0.6731839609127749,1
-0.31374085746772556,0.8476917530735975,1
-0.02500854697147607,-0.7240671168084799,-1
-0.863735479761718,0.6335205847417177,1
-0.046870779625030175,1.0264946419106746,1
0.643770067451127,-0.7909623661728722,1
0.2747539282057788,0.5762862269712352,-1
0.12451440973110128,0.8104979464424391,-1
-0.4420270612068921,-0.9117228189320068,1
0.5008340398638126,-0.5142400217289351,-1
-0.5692528504562118,-0.5017803142285499,-1
-0.8629564753290155,0.6074554054312615,1
0.1984838577881349,1.0566954705001064,1
0.7125360162806903,-0.11900287203280083,-1
0.82944897441577,0.4694904201791434,1
0.8717073301201685,0.4107825071171157,1
0.8927132189996476,0.3974313002236619,1
0.8213051599954395,0.3183093773709321,1
-0.5030079155932885,0.42675895007853326,-1
-0.4539529389249073,-0.6413525743358075,-1
1.037566650594403,0.3852640736991604,1
0.7332724264329783,-0.20541030539263033,-1
0.37822490102736633,-0.9709855294851042,1
0.27606218520567744,-0.9349528311382033,1
-0.9453210323979622,0.4245559130613675,1
0.1776914209194852,0.5659468856435339,-1
0.5660378508866699,-0.47824143016416565,-1
-0.9749723853094676,-0.3477725684094053,1
-0.3758957169019666,-0.5183205177408914,-1
-0.041125851671328734,0.9567432362617021,1
-0.1560093366501775,1.0010539862623222,1
-0.3274850835763484,0.9527467017488233,1
-0.25412947290287635,0.8991084025035299,1
0.9380480005438964,-0.39664408976139964,1
0.5273125041461644,0.3720394875423283,-1
-0.9211785815091128,-0.4694036231358274,1
-0.6270705739252718,-0.16747353646703617,-1
0.9636931056052225,-0.2237795909434586,1
0.5335661665546045,-0.4024932494905268,-1
0.7654959208783484,0.6843615560224411,1
-0.45617994476144524,0.8393496133832483,1
0.00818643691409157,-0.68463899863981,-1
-0.5997454809184296,0.04945439720161972,-1
0.8028036197066442,-0.5676135655205375,1
0.9360450409056766,0.31746346017375393,1
0.4076644198355066,0.9052868855078012,1
-0.011458442456315943,1.086364897162068,1
-0.7252411176001412,0.3044683641357104,-1
-0.46156195849292664,0.901768375547165,1
0.5618720989113654,-0.3300672017624897,-1
0.9321764190442015,0.32431345959767055,1
1.0030237005340037,-0.08108010663033471,1
0.4291494951770743,0.5378621140445412,-1
-0.2931709196751036,0.4789720000760664,-1
0.8009597426927676,0.578746820235228,1
-0.45123341482009266,-0.5837156219391773,-1
-0.3393417681878688,-0.6201854561483613,-1
-0.009636522541267217,0.9847087866497694,1
0.09393730961969024,0.7154718430608907,-1
-0.18306695118023147,-0.6049377105855037,-1
0.28816150927248696,0.5438664051550681,-1
0.4801399658274818,-0.5614147049391021,-1
-0.6066233270529349,-0.261928537054885,-1
-0.9948337194421938,0.318610490133709,1
0.21259400116836719,-1.0181097191942277,1
-0.18306608695560808,0.967355932440434,1
0.04529906194367023,0.7482090633629455,-1
0.5064670634429084,-0.9229701804915986,1
-1.0046869539258934,-0.02659075918005398,1
-0.5008987211546527,0.4236599346265381,-1
-0.6306795693500094,-0.4324708283018596,-1
0.4235267310890416,-0.6366121731982188,-1
-0.624942500505609,0.3222558587501102,-1
0.008579973377810655,-0.8921219784826878,1
0.33474667504566186,-0.6322037902863888,-1
0.5764873154654807,-0.8009057333104871,1
-0.36968361704691854,0.6142446163777349,-1
0.2904163709641363,-0.5409630237097752,-1
-0.4640358141001983,0.8649866612297916,1
0.588351102925757,0.8268993734898621,1
-0.53590912280576,0.51296065487457,-1
0.5646675817667364,-0.8215989191637579,1
0.5498690690796993,0.8371298129404463,1
0.2124649367116104,0.6460430057724822,-1
-0.7994396074830423,-0.7161010463393591,1
0.4961159711633392,0.37555940991478703,-1
-0.5233225820710171,-0.43069154512944935,-1
-0.5931446925065702,-0.5910141553938589,-1
1.0144629768349076,-0.013661706246383826,1
-1.0077371014537986,0.0739290833758395,1
-0.8209461799079585,-0.5196824405861857,1
0.6327147906647925,0.8089161325479459,1
0.4436578001664524,0.5694310838237449,-1
-0.18690188277578856,-0.5566527191677751,-1
-0.6896543435984637,-0.15729118307007595,-1
0.10898113033298813,0.9576892492831325,1
-0.5968025367396435,0.7503019431298886,1
-0.8907308940915737,0.3909882772594175,1
-0.7324175525753346,-0.7062462916205662,1
0.7308015719199193,0.16594848483925395,-1
-0.22414303047794606,-0.6992204335472084,-1
-0.4968967816563729,0.3875585363521806,-1
0.3908277247301033,0.5513447027469635,-1
0.6627607011891702,0.2763962497121164,-1
-0.6064937396999576,0.38686968826676377,-1
-0.38015204853679674,0.49340805185942904,-1
0.38349673369050163,-0.908052471414353,1
0.4217511348637872,0.8930540443099783,1
0.7269655327189289,-0.021213431178625355,-1
-0.6378806964229329,0.2896460561427091,-1
0.021665151504836805,-0.528693339295173,-1
-0.39144099091094614,0.5960760025828467,-1
0.9950413463257273,-0.35676731498450936,1
0.9683084101818398,0.5009554429308953,1
-0.4731312867484981,-0.9012317610048728,1
-0.3278132843650524,0.6500932146083425,-1
-0.868283256971797,-0.4663323280814907,1
-0.3998386287452306,-0.9817189007836464,1
0.6109137753514874,0.37204212011157867,-1
-0.0646914615290527,-0.6622849761731886,-1
-0.66835044282379,0.7239485895681659,1
0.9228432233250808,0.35338803893336695,1
0.9994669165268258,-0.014376722952558187,1
0.4690068300514797,-0.45078589576359673,-1
-0.9372010335127376,-0.49579409143885805,1
0.6690548157833905,-0.7111178178612462,1
0.15019883144876225,1.0072160480153038,1
-0.4404037983318242,-0.8755010047346696,1
0.9556712359063244,0.1624776236219999,1
-0.7261139916858305,0.2204071485294394,-1
0.6813515904725396,0.2525594440140463,-1
-0.7252165425567749,0.7574540653908771,1
-0.48857181173738673,-0.4165684913379354,-1
0.5954291051317254,0.08928904183626135,-1
0.8204148790259196,-0.7073759674759176,1
0.48074068238389667,-0.9490299154284724,1
0.012527623872118074,-0.7088303558385279,-1
0.7479415898326928,0.017228483785066473,-1
0.3366583266009096,0.944209739462401,1
-0.6508720656475971,0.2673276812226583,-1
-0.7790158168439932,-0.5940958474875914,1
-0.7463935867436498,0.6372491293319434,1
0.08235419648828174,1.03831017969903,1
0.4021063390649594,0.8280262350863851,1
0.40009639004549163,0.8658236116377847,1
-0.8274645919307546,0.5402771868263812,1
0.6464699762496591,-0.011877203483677892,-1
0.5839556456284195,-0.4108920551841373,-1
-0.5054316541881108,-0.7868399380483292,1
-0.7531733085103888,0.13099023722011138,-1
-0.7776434112060628,0.03713045998238796,-1
-0.8251154312005058,-0.45817665654899137,1
0.8103042290628972,-0.6137827540963305,1
-0.6691623495739412,-0.21540527513900415,-1
-0.8988044759028555,0.28552054521994064,1
0.34396354400226115,-0.7003386973587471,-1
0.17035394873761242,0.5410084143222667,-1
0.3567093699970466,0.5862312215830031,-1
0.6398933532697928,0.262025988136873,-1
-0.3317717225723078,-0.9652194635034566,1
-0.6089889804787568,0.2146499468350671,-1
0.6508831278843479,0.7613401822863171,1
-0.7990549073920503,-0.6328440764860631,1
0.7136729193531566,-0.09875856379330153,-1
-0.5509871956803812,-0.9360197091741451,1
-0.44999786659697605,0.5398174584697731,-1
0.28229608246735166,-0.9163426543684248,1
0.721673375113844,-0.13397155704831798,-1
0.9909583082834812,-0.1825488481754311,1
-0.7053226094983387,0.6569232439757995,1
0.4657092776829737,-0.8956256005930372,1
-0.9650788597924546,0.0473035841591327,1
0.22871288074859128,0.7329178902918778,-1
-0.7335129582231389,-0.5668395902816655,1
-0.3552849922371164,-0.9606536998000453,1
-0.9546615233298259,0.2105354121021599,1
0.9517776766034217,-0.24712940707394887,1
-0.5872614759823059,-0.7553991045309381,1
-0.35485601103030495,0.6424409057153132,-1
-0.5969383135015345,-0.3203085499155937,-1
-0.6254569889629629,0.21931957849275144,-1
0.48268955679573844,-0.5455010126931801,-1
-0.5920977146828383,-0.41124005935473795,-1
-0.009126299751756495,0.6821997074812073,-1
-0.6338353295503206,0.7702659194955326,1
0.625151580145038,0.7558499407964815,1
-0.5579828454350106,-0.841658022232542,1
0.676531033223458,0.14107922463524122,-1
0.6079064468523918,-0.23419303846628775,-1
-0.7377244592638426,0.7098015351111837,1
0.2029524549318513,0.6163966291297002,-1
-0.8482686415010436,-0.2559080483939169,1
-0.6219349370378477,0.31896901748672035,-1
0.9100266363861962,0.0225556211855847,1
0.7080813712138632,0.09549569940860454,-1
-0.5128882707351752,-0.26731460084370406,-1
0.6515490175583724,-0.10742418071799062,-1
-0.7784962869131606,0.09400840401873767,-1
-0.6312039776530559,0.3957277070932994,-1
0.2138948496641172,-1.0208849939394322,1
0.26074900352826874,0.9603064514963394,1
0.08617307236038563,-0.7027673408104023,-1
-0.7188853982788719,-0.015123728669100656,-1
-1.0297906031170312,-0.20192772038529752,1
-0.9732323020946254,0.25312137548964925,1
-0.8959836406400684,0.2011420702638323,1
0.5399399172225692,0.8616475836417662,1
0.030142717316515612,-0.5798069160391507,-1
-0.530548396974885,0.8000649942693202,1
0.5055601615685701,-0.5075189882396379,-1
-0.7443409265595058,-0.12625020092463674,-1
0.42870844324595075,-0.6278115259703235,-1
0.33522470993890363,0.9253904660499237,1
0.2544114858881956,0.6693089490896276,-1
0.9137566128751462,0.5756714884815586,1
-0.3038108751502618,-0.6465352717705507,-1
0.6302965312901672,-0.22859279238945074,-1
0.28683819182780995,0.608253485503673,-1
0.5181612893689748,-0.43487915587835635,-1
-0.9515946940827053,-0.45452632066071424,1
0.9852113800897565,0.35594269309857246,1
-0.2659836520595468,0.7673109495450918,-1
1.0272729517468013,-0.01879487315232256,1
-0.5960583232236896,0.5811564615355675,-1
0.24576361353970327,0.6708996134976702,-1
0.7197963909939235,-0.04355390022034648,-1
-0.794950196481381,0.6889646128234677,1
0.5674020501948245,-0.7751286006833717,1
0.6607525596623985,-0.24490112854979196,-1
-0.2570740658060788,-0.9442527134635234,1
-0.018836093644024648,-0.9433369377837901,1
0.5361011058216116,-0.43182523186678606,-1
0.41962732842449835,0.9246143128120402,1
-0.9118798724636844,0.33164602504956664,1
-0.7176501134492997,0.16061832532092643,-1
-0.522281116187314,0.7975018568216773,1
0.4074042229011341,-0.5410314234515378,-1
-0.7560904094162779,-0.6682007372092555,1
-0.33532239715506656,-1.0323136963366173,1
-0.6765894156718922,-0.13929580475933695,-1
-0.33698716016180297,-0.5497201148371192,-1
0.650732804835915,0.25092195988396737,-1
-0.5848176269373573,-0.6056923456521357,-1
0.7050561171604005,0.26723485477186154,-1
-0.9627902828210193,-0.3850639551935903,1
0.2662669484877753,0.7661435937410324,-1
0.6064781077231627,0.045734171752172134,-1
-0.6352981202330417,0.8500467139601106,1
0.5393942561750618,0.47532098740654516,-1
-0.7644611728426767,-0.6303900309416174,1
